hash    	name                                                        	batch                         	cracked   	status   	pr
b606ece6	IntConcept                                                  	game-entity-sweep             	2026-07-20	pending  	-
418af145	IsBitSetCondition                                           	game-entity-sweep             	2026-07-20	pending  	-
20fd5854	IsInJungleBlock                                             	game-entity-sweep             	2026-07-20	pending  	-
1e90bc62	LocatorEntity                                               	game-entity-sweep             	2026-07-20	pending  	-
9d021f61	LolGameEntity                                               	game-entity-sweep             	2026-07-20	pending  	-
301dab05	NavRegionDef                                                	game-entity-sweep             	2026-07-20	pending  	-
bcbc4216	TimersViewController                                        	game-entity-sweep             	2026-07-20	pending  	-
f090d2e7	AnchorHierarchy                                             	pre-ledger-backlog            	2026-07-20	pending  	-
01e1cce2	AttackableEntity                                            	pre-ledger-backlog            	2026-07-20	pending  	-
9d9f60d2	AttackableUnitDefinition                                    	pre-ledger-backlog            	2026-07-20	pending  	-
23433cc1	AugmentModifier                                             	pre-ledger-backlog            	2026-07-20	pending  	-
fde6a2d7	BarracksDefinition                                          	pre-ledger-backlog            	2026-07-20	pending  	-
71d0eabd	BarracksEntity                                              	pre-ledger-backlog            	2026-07-20	pending  	-
d952d55b	BoolConcept                                                 	pre-ledger-backlog            	2026-07-20	pending  	-
893847cc	BotComposition                                              	pre-ledger-backlog            	2026-07-20	pending  	-
093b1be1	ChampionSpec                                                	pre-ledger-backlog            	2026-07-20	pending  	-
3f1ae9da	CharacterMeshEntity                                         	pre-ledger-backlog            	2026-07-20	pending  	-
b3b78034	CharacterMeshGeComponent                                    	pre-ledger-backlog            	2026-07-20	pending  	-
671bdc8d	ClientScript                                                	pre-ledger-backlog            	2026-07-20	pending  	-
5b49a915	ClosestTarget                                               	pre-ledger-backlog            	2026-07-20	pending  	-
bf957944	ColorGet                                                    	pre-ledger-backlog            	2026-07-20	pending  	-
21c740af	CommonScript                                                	pre-ledger-backlog            	2026-07-20	pending  	-
8d51331e	ConceptBase                                                 	pre-ledger-backlog            	2026-07-20	pending  	-
ec8e071a	CustomGet                                                   	pre-ledger-backlog            	2026-07-20	pending  	-
03c4be95	DeathHelper                                                 	pre-ledger-backlog            	2026-07-20	pending  	-
b1edf879	DeathRecapTeammateSpectator                                 	pre-ledger-backlog            	2026-07-20	pending  	-
a6e992c8	DirectionReleases                                           	pre-ledger-backlog            	2026-07-20	pending  	-
f6fd1c96	EffectCustomMaterialData                                    	pre-ledger-backlog            	2026-07-20	pending  	-
51ada002	EmoteModifier                                               	pre-ledger-backlog            	2026-07-20	pending  	-
c4936408	EnableNever                                                 	pre-ledger-backlog            	2026-07-20	pending  	-
4142edcd	EnableWhenAll                                               	pre-ledger-backlog            	2026-07-20	pending  	-
78e42784	EntityPolygonData                                           	pre-ledger-backlog            	2026-07-20	pending  	-
48ebb2cf	EntityState                                                 	pre-ledger-backlog            	2026-07-20	pending  	-
21015269	EnvironmentEntity                                           	pre-ledger-backlog            	2026-07-20	pending  	-
d3eab8e5	EventCarousel                                               	pre-ledger-backlog            	2026-07-20	pending  	-
de07f33b	FeatsViewController                                         	pre-ledger-backlog            	2026-07-20	pending  	-
8c9d99d3	FloatConcept                                                	pre-ledger-backlog            	2026-07-20	pending  	-
519f6794	GameEntityOnActivate                                        	pre-ledger-backlog            	2026-07-20	pending  	-
edd5a857	GameEntityOnDeactivate                                      	pre-ledger-backlog            	2026-07-20	pending  	-
47e340fa	GameEntityOnEnterAlive                                      	pre-ledger-backlog            	2026-07-20	pending  	-
9c8e09ba	GameEntityOnExitAlive                                       	pre-ledger-backlog            	2026-07-20	pending  	-
66b08b77	GameEntityOnInit                                            	pre-ledger-backlog            	2026-07-20	pending  	-
deb252e8	GameEntityOnUpdate                                          	pre-ledger-backlog            	2026-07-20	pending  	-
fcb92181	GamemodeDefinition                                          	pre-ledger-backlog            	2026-07-20	pending  	-
8fc31a1b	GamemodeEntity                                              	pre-ledger-backlog            	2026-07-20	pending  	-
2f910682	IChromaData                                                 	pre-ledger-backlog            	2026-07-20	pending  	-
6630fcec	IClientBlock                                                	pre-ledger-backlog            	2026-07-20	pending  	-
ea87b2b3	IClockDefinition                                            	pre-ledger-backlog            	2026-07-20	pending  	-
ba72e3df	IClockProvider                                              	pre-ledger-backlog            	2026-07-20	pending  	-
ee2395e5	IColorGet                                                   	pre-ledger-backlog            	2026-07-20	pending  	-
01375d0b	IComponentData                                              	pre-ledger-backlog            	2026-07-20	pending  	-
83eae5d9	ICustomGet                                                  	pre-ledger-backlog            	2026-07-20	pending  	-
3ff050d9	IEntityGet                                                  	pre-ledger-backlog            	2026-07-20	pending  	-
5ba190cc	IKeyBind                                                    	pre-ledger-backlog            	2026-07-20	pending  	-
0f12869d	IMapGroup                                                   	pre-ledger-backlog            	2026-07-20	pending  	-
35cff9f4	IMonarchAction                                              	pre-ledger-backlog            	2026-07-20	local    	-
9f6bccee	IMonarchKeybind                                             	pre-ledger-backlog            	2026-07-20	local    	-
c56dc33d	IPathGet                                                    	pre-ledger-backlog            	2026-07-20	pending  	-
f3818a3f	ISegmentGet                                                 	pre-ledger-backlog            	2026-07-20	pending  	-
309738e5	ITeam                                                       	pre-ledger-backlog            	2026-07-20	pending  	-
702ab00b	ITftItemfilter                                              	pre-ledger-backlog            	2026-07-20	pending  	-
acc5c631	ITimerController                                            	pre-ledger-backlog            	2026-07-20	pending  	-
c6674208	ITimerView                                                  	pre-ledger-backlog            	2026-07-20	pending  	-
49e845fb	IUiBlock                                                    	pre-ledger-backlog            	2026-07-20	pending  	-
b3499e6f	IUiElementIGet                                              	pre-ledger-backlog            	2026-07-20	pending  	-
5307f5e1	KeybindSet                                                  	pre-ledger-backlog            	2026-07-20	pending  	-
fe87f21e	LastHitData                                                 	pre-ledger-backlog            	2026-07-20	pending  	-
4a7f3786	LeaderboardConfiguration                                    	pre-ledger-backlog            	2026-07-20	pending  	-
09a124d7	LegacyTeam                                                  	pre-ledger-backlog            	2026-07-20	pending  	-
6b863734	LegacyVisFlagVisController                                  	pre-ledger-backlog            	2026-07-20	pending  	-
496d22af	LevelPurchaseViewController                                 	pre-ledger-backlog            	2026-07-20	pending  	-
93f9cdb7	LevelUpSpellBlock                                           	pre-ledger-backlog            	2026-07-20	pending  	-
ea69d6f3	ListGet                                                     	pre-ledger-backlog            	2026-07-20	pending  	-
8069a433	LoLCastActionKeybind                                        	pre-ledger-backlog            	2026-07-20	pending  	-
be07ec3f	LoLCursorContextAwareKeybind                                	pre-ledger-backlog            	2026-07-20	pending  	-
d8a0b4e6	LoLModesEventChoiceViewController                           	pre-ledger-backlog            	2026-07-20	pending  	-
2e181f68	LoLReconModeKeybind                                         	pre-ledger-backlog            	2026-07-20	pending  	-
080929fe	LoLSpellSlotKeybind                                         	pre-ledger-backlog            	2026-07-20	pending  	-
51f3b0ef	LoLSpellSlotLevelUpKeybind                                  	pre-ledger-backlog            	2026-07-20	pending  	-
a9d20c63	MapGet                                                      	pre-ledger-backlog            	2026-07-20	pending  	-
fa8824c0	MapLightRegions                                             	pre-ledger-backlog            	2026-07-20	pending  	-
b7fb3452	MapPlaceableTemplate                                        	pre-ledger-backlog            	2026-07-20	pending  	-
75c07b27	MeshEntity                                                  	pre-ledger-backlog            	2026-07-20	pending  	-
92a92fea	MonarchDialogUiViewController                               	pre-ledger-backlog            	2026-07-20	local    	-
562bed30	MonarchIcon                                                 	pre-ledger-backlog            	2026-07-20	local    	-
f43c1115	MonarchInteractKeybind                                      	pre-ledger-backlog            	2026-07-20	local    	-
fe318069	MonarchPlayerInventoryViewController                        	pre-ledger-backlog            	2026-07-20	local    	-
c6c4421c	MonarchProperties                                           	pre-ledger-backlog            	2026-07-20	local    	-
a34d485b	MonarchSpellSlotKeybind                                     	pre-ledger-backlog            	2026-07-20	local    	-
677514d3	MonarchTag                                                  	pre-ledger-backlog            	2026-07-20	local    	-
df799a6e	MovingSituations                                            	pre-ledger-backlog            	2026-07-20	pending  	-
661f15c3	MultiTeam                                                   	pre-ledger-backlog            	2026-07-20	pending  	-
38a3503e	NetworkingGeComponent                                       	pre-ledger-backlog            	2026-07-20	pending  	-
429a2180	NeutralCampDefinition                                       	pre-ledger-backlog            	2026-07-20	pending  	-
1f69daba	NeutralCampEntity                                           	pre-ledger-backlog            	2026-07-20	pending  	-
c84caf96	OnPrimaryInputSingleClickEvent                              	pre-ledger-backlog            	2026-07-20	pending  	-
4aa8446e	ParametricSequence                                          	pre-ledger-backlog            	2026-07-20	pending  	-
75d39a3b	PlayAnimation                                               	pre-ledger-backlog            	2026-07-20	pending  	-
21570b18	RegionDefinition                                            	pre-ledger-backlog            	2026-07-20	pending  	-
5c1a1dc2	RegionEntity                                                	pre-ledger-backlog            	2026-07-20	pending  	-
851b8dc5	RequireVar                                                  	pre-ledger-backlog            	2026-07-20	pending  	-
968ff282	SegmentGet                                                  	pre-ledger-backlog            	2026-07-20	pending  	-
beb93e84	SeqInputCombinedPosition                                    	pre-ledger-backlog            	2026-07-20	pending  	-
3d31478a	SequencerHelper                                             	pre-ledger-backlog            	2026-07-20	pending  	-
b4f63f45	SfxDefinition                                               	pre-ledger-backlog            	2026-07-20	pending  	-
b6fc7767	SfxEntity                                                   	pre-ledger-backlog            	2026-07-20	pending  	-
3a3f4a2b	SfxGeComponent                                              	pre-ledger-backlog            	2026-07-20	pending  	-
d2d78714	SfxHelper                                                   	pre-ledger-backlog            	2026-07-20	pending  	-
f775806c	ShopDefinition                                              	pre-ledger-backlog            	2026-07-20	pending  	-
e6bb215e	ShopEntity                                                  	pre-ledger-backlog            	2026-07-20	pending  	-
a4eb8410	ShuffleCustomTableBlock                                     	pre-ledger-backlog            	2026-07-20	pending  	-
549452c3	SpellVars                                                   	pre-ledger-backlog            	2026-07-20	pending  	-
892fb608	StoreFilter                                                 	pre-ledger-backlog            	2026-07-20	pending  	-
decc6c99	StrawberryInputUpdater                                      	pre-ledger-backlog            	2026-07-20	pending  	-
30f0ba27	StringCast                                                  	pre-ledger-backlog            	2026-07-20	pending  	-
341a92b5	TeamDefinition                                              	pre-ledger-backlog            	2026-07-20	pending  	-
138a7d5f	TeamsConfig                                                 	pre-ledger-backlog            	2026-07-20	pending  	-
df4d7688	Tft3dAnnouncementViewController                             	pre-ledger-backlog            	2026-07-20	pending  	-
d65315ee	TftConstants                                                	pre-ledger-backlog            	2026-07-20	pending  	-
27d533fe	TftCraftingViewControllerV2                                 	pre-ledger-backlog            	2026-07-20	pending  	-
025ad6e2	TftEventHubSkillTreeViewController                          	pre-ledger-backlog            	2026-07-20	pending  	-
1c91dc02	TftMyTeamsViewController                                    	pre-ledger-backlog            	2026-07-20	pending  	-
bf062603	TftPveBuffData                                              	pre-ledger-backlog            	2026-07-20	pending  	-
faf3956e	TftPveData                                                  	pre-ledger-backlog            	2026-07-20	pending  	-
ab66439a	TftPveEogViewController                                     	pre-ledger-backlog            	2026-07-20	pending  	-
253eba55	TftTeamCannonCooldownViewController                         	pre-ledger-backlog            	2026-07-20	pending  	-
9401f2e2	TftTeamCannonItemExchangeViewController                     	pre-ledger-backlog            	2026-07-20	pending  	-
d35c6ec8	TftTrovesViewControllerV3                                   	pre-ledger-backlog            	2026-07-20	pending  	-
143f10a8	TimerViews                                                  	pre-ledger-backlog            	2026-07-20	pending  	-
6c6c0878	UiElementIGet                                               	pre-ledger-backlog            	2026-07-20	pending  	-
37a8385c	UiExpandableUnitStatsData                                   	pre-ledger-backlog            	2026-07-20	pending  	-
a5316cec	UiScript                                                    	pre-ledger-backlog            	2026-07-20	pending  	-
93c40af5	Vector3Concept                                              	pre-ledger-backlog            	2026-07-20	pending  	-
f7f9a232	Vector4Concept                                              	pre-ledger-backlog            	2026-07-20	pending  	-
1cf263eb	VfxComponents                                               	pre-ledger-backlog            	2026-07-20	pending  	-
8ad25772	VfxDefinition                                               	pre-ledger-backlog            	2026-07-20	pending  	-
677c1488	VfxEntity                                                   	pre-ledger-backlog            	2026-07-20	pending  	-
be0ca55e	AbilityPreviewViewController                                	season16-modes-ui             	2026-07-24	pending  	-
f37213a8	AudioContextEvent                                           	season16-modes-ui             	2026-07-24	pending  	-
bb109c9b	AugmentSelectionViewController                              	season16-modes-ui             	2026-07-24	pending  	-
e24d73c6	AugmentSetTooltipViewController                             	season16-modes-ui             	2026-07-24	pending  	-
e8402935	AugmentSetTraitTrackerViewController                        	season16-modes-ui             	2026-07-24	pending  	-
f524e8bd	BattlegroundsMap                                            	season16-modes-ui             	2026-07-24	pending  	-
178d150b	BattlegroundsTeamHealthViewController                       	season16-modes-ui             	2026-07-24	pending  	-
2610a4a3	ClientState                                                 	season16-modes-ui             	2026-07-24	pending  	-
46958bc2	ClientStateCommon                                           	season16-modes-ui             	2026-07-24	pending  	-
93f16627	ClientStateGameplay                                         	season16-modes-ui             	2026-07-24	pending  	-
1b2711f4	ClientStateTFTPreGameUI                                     	season16-modes-ui             	2026-07-24	pending  	-
2cc33a4b	CombatOverviewViewController                                	season16-modes-ui             	2026-07-24	pending  	-
cc2dcb80	ControlSchemeSelectionViewController                        	season16-modes-ui             	2026-07-24	pending  	-
2682f3f6	DamageShieldedParams                                        	season16-modes-ui             	2026-07-24	pending  	-
2b949af2	GameEntityPrefab                                            	season16-modes-ui             	2026-07-24	pending  	-
91873e8a	IMonarchCameraUpdater                                       	season16-modes-ui             	2026-07-24	local    	-
89c17529	IMonarchEncounterAction                                     	season16-modes-ui             	2026-07-24	local    	-
51affcd0	IMonarchEncounterUiDef                                      	season16-modes-ui             	2026-07-24	local    	-
c657a95d	IMonarchItemData                                            	season16-modes-ui             	2026-07-24	local    	-
1c315cd8	InputEvent2AxisKeybind                                      	season16-modes-ui             	2026-07-24	pending  	-
070cf2e7	InputEventBoolKeybind                                       	season16-modes-ui             	2026-07-24	pending  	-
dc7b01b2	ItemAutoBuyViewController                                   	season16-modes-ui             	2026-07-24	pending  	-
90fcea80	JadeItemRecommendations                                     	season16-modes-ui             	2026-07-24	pending  	-
079b4930	ModesQuestTrackerViewController                             	season16-modes-ui             	2026-07-24	pending  	-
6a0a0a99	MonarchAnnouncementsTemplate                                	season16-modes-ui             	2026-07-24	local    	-
4d85133e	MonarchAnnouncementsViewController                          	season16-modes-ui             	2026-07-24	local    	-
a7e315dc	MonarchBuffLink                                             	season16-modes-ui             	2026-07-24	local    	-
f0c57b38	MonarchCameraConfig                                         	season16-modes-ui             	2026-07-24	local    	-
25ef31db	MonarchCameraSettings                                       	season16-modes-ui             	2026-07-24	local    	-
a52f76d9	MonarchCommonViewController                                 	season16-modes-ui             	2026-07-24	local    	-
15000a12	MonarchCraftingViewController                               	season16-modes-ui             	2026-07-24	local    	-
f6690031	MonarchEncounterDef                                         	season16-modes-ui             	2026-07-24	local    	-
78893681	MonarchEncounterManager                                     	season16-modes-ui             	2026-07-24	local    	-
ca92d111	MonarchEntityDef                                            	season16-modes-ui             	2026-07-24	local    	-
326fe4b8	MonarchInputUpdater                                         	season16-modes-ui             	2026-07-24	local    	-
3401293a	MonarchInteractComponentData                                	season16-modes-ui             	2026-07-24	local    	-
c9a3743d	MonarchInteractConfig                                       	season16-modes-ui             	2026-07-24	local    	-
adc216ee	MonarchInteractDef                                          	season16-modes-ui             	2026-07-24	local    	-
3190042a	MonarchInteractRequirement                                  	season16-modes-ui             	2026-07-24	local    	-
a8c0476d	MonarchInventoryConfig                                      	season16-modes-ui             	2026-07-24	local    	-
de92b53e	MonarchInventoryDef                                         	season16-modes-ui             	2026-07-24	local    	-
6fcdd30c	MonarchItemContainerDef                                     	season16-modes-ui             	2026-07-24	local    	-
887d948d	MonarchItemDef                                              	season16-modes-ui             	2026-07-24	local    	-
109d1833	MonarchItemProperties                                       	season16-modes-ui             	2026-07-24	local    	-
83e552c9	MonarchItemSlotDef                                          	season16-modes-ui             	2026-07-24	local    	-
2fdd059c	MonarchItemStat                                             	season16-modes-ui             	2026-07-24	local    	-
47f0573d	MonarchItemStats                                            	season16-modes-ui             	2026-07-24	local    	-
ce61401f	MonarchItemTags                                             	season16-modes-ui             	2026-07-24	local    	-
2cfe8421	MonarchKeybindSet                                           	season16-modes-ui             	2026-07-24	local    	-
51361676	MonarchMegaMapViewController                                	season16-modes-ui             	2026-07-24	local    	-
dd2dffb1	MonarchMissionStepTemplate                                  	season16-modes-ui             	2026-07-24	local    	-
5d6bf31f	MonarchMissionTemplate                                      	season16-modes-ui             	2026-07-24	local    	-
3e149034	MonarchPropertyGet                                          	season16-modes-ui             	2026-07-24	local    	-
e45d99fc	MonarchPropertyInclude                                      	season16-modes-ui             	2026-07-24	local    	-
36aa243a	MonarchRecipeComponentData                                  	season16-modes-ui             	2026-07-24	local    	-
77c7753d	MonarchRecipeConfig                                         	season16-modes-ui             	2026-07-24	local    	-
836c79ee	MonarchRecipeDef                                            	season16-modes-ui             	2026-07-24	local    	-
c1b95e5d	MonarchRecipeModifierDef                                    	season16-modes-ui             	2026-07-24	local    	-
d1b2d11b	MonarchRecipeRequirements                                   	season16-modes-ui             	2026-07-24	local    	-
ed8bda7c	MonarchRecipeViewTemplate                                   	season16-modes-ui             	2026-07-24	local    	-
a361c5ef	MonarchRegionConfig                                         	season16-modes-ui             	2026-07-24	local    	-
fb1e7399	MonarchResourceLink                                         	season16-modes-ui             	2026-07-24	local    	-
448275ed	MonarchRoundsViewController                                 	season16-modes-ui             	2026-07-24	local    	-
dc211c0e	MonarchTagComponentData                                     	season16-modes-ui             	2026-07-24	local    	-
f7fda9ff	MonarchTagPtr                                               	season16-modes-ui             	2026-07-24	local    	-
64be4d61	MonarchTagQuery                                             	season16-modes-ui             	2026-07-24	local    	-
166b5a5a	MonarchTeamConfig                                           	season16-modes-ui             	2026-07-24	local    	-
274916b2	MonarchTierRecipeModifier                                   	season16-modes-ui             	2026-07-24	local    	-
60e0bd1f	MonarchViewDef                                              	season16-modes-ui             	2026-07-24	local    	-
165c0117	OptionItemControlSelectionSettings                          	season16-modes-ui             	2026-07-24	pending  	-
7c689a48	ParamsAssist                                                	season16-modes-ui             	2026-07-24	pending  	-
7b293789	ParamsCC                                                    	season16-modes-ui             	2026-07-24	pending  	-
6548c848	ParamsChampionKill                                          	season16-modes-ui             	2026-07-24	pending  	-
8c1de691	ParamsChampionKillPre                                       	season16-modes-ui             	2026-07-24	pending  	-
2839cc82	ParamsDamage                                                	season16-modes-ui             	2026-07-24	pending  	-
2e25285f	ParamsDamageAttempt                                         	season16-modes-ui             	2026-07-24	pending  	-
84a23145	ParamsDamageCriticalStrike                                  	season16-modes-ui             	2026-07-24	pending  	-
d83b6b03	ParamsDie                                                   	season16-modes-ui             	2026-07-24	pending  	-
554596d5	ParamsExpEarned                                             	season16-modes-ui             	2026-07-24	pending  	-
a50c40a2	ParamsGoldEarned                                            	season16-modes-ui             	2026-07-24	pending  	-
94950d2f	ParamsGoldSpent                                             	season16-modes-ui             	2026-07-24	pending  	-
7c044fe1	ParamsHeal                                                  	season16-modes-ui             	2026-07-24	pending  	-
9b16eee4	ParamsItemChange                                            	season16-modes-ui             	2026-07-24	pending  	-
1bf2060f	ParamsItemConsumedPurchased                                 	season16-modes-ui             	2026-07-24	pending  	-
3794d4a2	ParamsItemUndo                                              	season16-modes-ui             	2026-07-24	pending  	-
8db1dc6a	ParamsKillingSpree                                          	season16-modes-ui             	2026-07-24	pending  	-
60fd8a21	ParamsMinionKill                                            	season16-modes-ui             	2026-07-24	pending  	-
f24aeac2	ParamsUndoEnabledChange                                     	season16-modes-ui             	2026-07-24	pending  	-
b9542d9d	PlayerFrameViewControllerBase                               	season16-modes-ui             	2026-07-24	pending  	-
a4892234	PlayerInventoryViewControllerBase                           	season16-modes-ui             	2026-07-24	pending  	-
26b76506	RoleBoundQuestSelectionViewController                       	season16-modes-ui             	2026-07-24	pending  	-
8f7f3f4e	ShieldingParams                                             	season16-modes-ui             	2026-07-24	pending  	-
5f011348	SpellBookIndex                                              	season16-modes-ui             	2026-07-24	pending  	-
8c31df6a	TFTTrovesViewControllerEvents                               	season16-modes-ui             	2026-07-24	pending  	-
ba9ff884	ThirdPersonCameraUpdateStrategy                             	season16-modes-ui             	2026-07-24	pending  	-
b06a22db	UIControlScheme                                             	season16-modes-ui             	2026-07-24	pending  	-
cbd100e7	IVfxBaseDriver                                              	vfx-driver-graph              	2026-07-28	pending  	-
8b5022d2	IVfxEmissionSource                                          	vfx-driver-graph              	2026-07-28	pending  	-
8877ad7c	IVfxFloatDriver                                             	vfx-driver-graph              	2026-07-28	pending  	-
2503dc25	IVfxRandomDriver                                            	vfx-driver-graph              	2026-07-28	pending  	-
67ee2ddb	IVfxShimmerGeometry                                         	vfx-driver-graph              	2026-07-28	pending  	-
68eabd15	IVfxVector2Driver                                           	vfx-driver-graph              	2026-07-28	pending  	-
505f1532	IVfxVector3Driver                                           	vfx-driver-graph              	2026-07-28	pending  	-
c59dfcfb	IVfxVector4Driver                                           	vfx-driver-graph              	2026-07-28	pending  	-
eb0aabeb	ShimmerEmitterDefinitionData                                	vfx-driver-graph              	2026-07-28	pending  	-
865c607b	VfxAbsFloatDriver                                           	vfx-driver-graph              	2026-07-28	pending  	-
dddee91a	VfxAbsVector2Driver                                         	vfx-driver-graph              	2026-07-28	pending  	-
d6443e1d	VfxAbsVector3Driver                                         	vfx-driver-graph              	2026-07-28	pending  	-
fa8f1b00	VfxAbsVector4Driver                                         	vfx-driver-graph              	2026-07-28	pending  	-
8ff177b6	VfxAddFloatDriver                                           	vfx-driver-graph              	2026-07-28	pending  	-
82905e5b	VfxAddVector2Driver                                         	vfx-driver-graph              	2026-07-28	pending  	-
c0a2ff18	VfxAddVector3Driver                                         	vfx-driver-graph              	2026-07-28	pending  	-
7bd6aa75	VfxAddVector4Driver                                         	vfx-driver-graph              	2026-07-28	pending  	-
7874d473	VfxBasicPhysicsComponent                                    	vfx-driver-graph              	2026-07-28	pending  	-
5024ba80	VfxBeamBaseDefinitionData                                   	vfx-driver-graph              	2026-07-28	pending  	-
f52cb77e	VfxBurstSpawn                                               	vfx-driver-graph              	2026-07-28	pending  	-
87fdc072	VfxClampFloatDriver                                         	vfx-driver-graph              	2026-07-28	pending  	-
bf052457	VfxClampVector2Driver                                       	vfx-driver-graph              	2026-07-28	pending  	-
9228bd44	VfxClampVector3Driver                                       	vfx-driver-graph              	2026-07-28	pending  	-
ec5fc819	VfxClampVector4Driver                                       	vfx-driver-graph              	2026-07-28	pending  	-
8b6cce68	VfxColorConstantDriver                                      	vfx-driver-graph              	2026-07-28	pending  	-
c06dcfdd	VfxColorContainer                                           	vfx-driver-graph              	2026-07-28	pending  	-
78c749ab	VfxColorRgbConstantDriver                                   	vfx-driver-graph              	2026-07-28	pending  	-
e168ec0e	VfxColorRgbaDriver                                          	vfx-driver-graph              	2026-07-28	pending  	-
6f4e4a08	VfxDriverContainer                                          	vfx-driver-graph              	2026-07-28	pending  	-
0eeaaebe	VfxEmissionCylinder                                         	vfx-driver-graph              	2026-07-28	pending  	-
d965d435	VfxEmissionMesh                                             	vfx-driver-graph              	2026-07-28	pending  	-
cd5a34f5	VfxEmissionMeshData                                         	vfx-driver-graph              	2026-07-28	pending  	-
56abfbd6	VfxEmissionPoint                                            	vfx-driver-graph              	2026-07-28	pending  	-
dbd91337	VfxEmissionSkeleton                                         	vfx-driver-graph              	2026-07-28	pending  	-
3df230bf	VfxEmissionSkeletonData                                     	vfx-driver-graph              	2026-07-28	pending  	-
5507b309	VfxEmissionSkin                                             	vfx-driver-graph              	2026-07-28	pending  	-
72a4bae5	VfxEmissionSphere                                           	vfx-driver-graph              	2026-07-28	pending  	-
fddb75c6	VfxEmitterVelocityDriver                                    	vfx-driver-graph              	2026-07-28	pending  	-
a0660647	VfxFacingModeCameraAligned                                  	vfx-driver-graph              	2026-07-28	pending  	-
91575b97	VfxFacingModeCameraFacing                                   	vfx-driver-graph              	2026-07-28	pending  	-
6a3a14b5	VfxFacingModeViewAligned                                    	vfx-driver-graph              	2026-07-28	pending  	-
ceeafc35	VfxFloatConstantDriver                                      	vfx-driver-graph              	2026-07-28	pending  	-
afe1d569	VfxFloatDynamicProperty                                     	vfx-driver-graph              	2026-07-28	pending  	-
ed986974	VfxFloatEasingDriver                                        	vfx-driver-graph              	2026-07-28	pending  	-
16d4ef9e	VfxFloatFromVector4Driver                                   	vfx-driver-graph              	2026-07-28	pending  	-
fb99008c	VfxFloatLerpDriver                                          	vfx-driver-graph              	2026-07-28	pending  	-
759b8cc5	VfxFloatLogicDriver                                         	vfx-driver-graph              	2026-07-28	pending  	-
ae0ba078	VfxFloatSineDriver                                          	vfx-driver-graph              	2026-07-28	pending  	-
9742cedc	VfxFloatTimeDriver                                          	vfx-driver-graph              	2026-07-28	pending  	-
2335a083	VfxLaserDefinitionData                                      	vfx-driver-graph              	2026-07-28	pending  	-
614f2da4	VfxLengthVector2Driver                                      	vfx-driver-graph              	2026-07-28	pending  	-
159d4bb7	VfxLengthVector3Driver                                      	vfx-driver-graph              	2026-07-28	pending  	-
e00db001	VfxMaxFloatDriver                                           	vfx-driver-graph              	2026-07-28	pending  	-
977663bc	VfxMaxVector2Driver                                         	vfx-driver-graph              	2026-07-28	pending  	-
d70daa4f	VfxMaxVector3Driver                                         	vfx-driver-graph              	2026-07-28	pending  	-
18b2682e	VfxMaxVector4Driver                                         	vfx-driver-graph              	2026-07-28	pending  	-
f5c05b93	VfxMinFloatDriver                                           	vfx-driver-graph              	2026-07-28	pending  	-
78f89502	VfxMinVector2Driver                                         	vfx-driver-graph              	2026-07-28	pending  	-
4a310da5	VfxMinVector3Driver                                         	vfx-driver-graph              	2026-07-28	pending  	-
2ec48688	VfxMinVector4Driver                                         	vfx-driver-graph              	2026-07-28	pending  	-
345362e9	VfxMultiplyFloatDriver                                      	vfx-driver-graph              	2026-07-28	pending  	-
6cd36214	VfxMultiplyVector2Driver                                    	vfx-driver-graph              	2026-07-28	pending  	-
06ff7de7	VfxMultiplyVector3Driver                                    	vfx-driver-graph              	2026-07-28	pending  	-
1f3f99e6	VfxMultiplyVector4Driver                                    	vfx-driver-graph              	2026-07-28	pending  	-
67b5bbcb	VfxNormalizeVector2Driver                                   	vfx-driver-graph              	2026-07-28	pending  	-
1c1ae0c8	VfxNormalizeVector3Driver                                   	vfx-driver-graph              	2026-07-28	pending  	-
fddcab18	VfxPhysicsAttractionDefinitionData                          	vfx-driver-graph              	2026-07-28	pending  	-
73c4f0b3	VfxPhysicsDragModifier                                      	vfx-driver-graph              	2026-07-28	pending  	-
81d6c80f	VfxPhysicsNoiseDefinitionData                               	vfx-driver-graph              	2026-07-28	pending  	-
56ca09bd	VfxPhysicsOrbitModifier                                     	vfx-driver-graph              	2026-07-28	pending  	-
83dea686	VfxPhysicsPositionModifier                                  	vfx-driver-graph              	2026-07-28	pending  	-
dd8c1257	VfxPhysicsRotationModifier                                  	vfx-driver-graph              	2026-07-28	pending  	-
0edbe61b	VfxPhysicsScaleModifier                                     	vfx-driver-graph              	2026-07-28	pending  	-
6a46c993	VfxPhysicsSimpleModifier                                    	vfx-driver-graph              	2026-07-28	pending  	-
9e7a207e	VfxPhysicsVelocityModifier                                  	vfx-driver-graph              	2026-07-28	pending  	-
b86f4f7f	VfxPrimitiveLaser                                           	vfx-driver-graph              	2026-07-28	pending  	-
a38a798c	VfxPrimitiveRibbon                                          	vfx-driver-graph              	2026-07-28	pending  	-
f67d2b9a	VfxPropertyFloatDriver                                      	vfx-driver-graph              	2026-07-28	pending  	-
ef7ad77c	VfxPropertyVector3Driver                                    	vfx-driver-graph              	2026-07-28	pending  	-
249c5111	VfxPropertyVector4Driver                                    	vfx-driver-graph              	2026-07-28	pending  	-
3fccf1e3	VfxRenderParamVector4Driver                                 	vfx-driver-graph              	2026-07-28	pending  	-
9789a09a	VfxRibbonDefinitionData                                     	vfx-driver-graph              	2026-07-28	pending  	-
c8d6a694	VfxScaleVector2Driver                                       	vfx-driver-graph              	2026-07-28	pending  	-
6302c267	VfxScaleVector3Driver                                       	vfx-driver-graph              	2026-07-28	pending  	-
eeadd18f	VfxShimmerFacingMode                                        	vfx-driver-graph              	2026-07-28	pending  	-
7f3cb96d	VfxShimmerMeshBeamDefinitionData                            	vfx-driver-graph              	2026-07-28	pending  	-
32d4052e	VfxShimmerPrimitiveAttachedMesh                             	vfx-driver-graph              	2026-07-28	pending  	-
adec1272	VfxShimmerPrimitiveBase                                     	vfx-driver-graph              	2026-07-28	pending  	-
710b2bc2	VfxShimmerPrimitiveMesh                                     	vfx-driver-graph              	2026-07-28	pending  	-
fd1cc89f	VfxShimmerPrimitiveMeshBase                                 	vfx-driver-graph              	2026-07-28	pending  	-
dba754d5	VfxShimmerPrimitiveMeshBeam                                 	vfx-driver-graph              	2026-07-28	pending  	-
576d0010	VfxShimmerPrimitiveQuad                                     	vfx-driver-graph              	2026-07-28	pending  	-
194508a4	VfxVector2ConstantDriver                                    	vfx-driver-graph              	2026-07-28	pending  	-
373272a6	VfxVector2DynamicProperty                                   	vfx-driver-graph              	2026-07-28	pending  	-
e3366d39	VfxVector2EasingDriver                                      	vfx-driver-graph              	2026-07-28	pending  	-
f7d1b1a5	VfxVector2LerpDriver                                        	vfx-driver-graph              	2026-07-28	pending  	-
55d35477	VfxVector3ConstantDriver                                    	vfx-driver-graph              	2026-07-28	pending  	-
67104c43	VfxVector3DynamicProperty                                   	vfx-driver-graph              	2026-07-28	pending  	-
6ee0055e	VfxVector3EasingDriver                                      	vfx-driver-graph              	2026-07-28	pending  	-
2045330e	VfxVector3LerpDriver                                        	vfx-driver-graph              	2026-07-28	pending  	-
0a953e0b	VfxVector3LogicDriver                                       	vfx-driver-graph              	2026-07-28	pending  	-
d2221304	VfxVector4DynamicProperty                                   	vfx-driver-graph              	2026-07-28	pending  	-
3f0a551f	VfxVector4EasingDriver                                      	vfx-driver-graph              	2026-07-28	pending  	-
3bfdd393	VfxVector4LerpDriver                                        	vfx-driver-graph              	2026-07-28	pending  	-
20cda9b0	VfxVector4LogicDriver                                       	vfx-driver-graph              	2026-07-28	pending  	-
cd481b33	VfxVector4PropertyDriver                                    	vfx-driver-graph              	2026-07-28	pending  	-
ff5060b7	GameplayTextureChannel                                      	gameplay-texture              	2026-07-29	pending  	-
8d65d994	GameplayTextureSampler                                      	gameplay-texture              	2026-07-29	pending  	-
d59587e0	MapGameplayTexture                                          	gameplay-texture              	2026-07-29	pending  	-
f15a89f3	LightRegionRenderData                                       	light-regions                 	2026-07-29	pending  	-
fadcd386	LightRegionTextureData                                      	light-regions-unproven        	2026-07-29	pending  	-
dd3213ec	PostEffectOptions                                           	light-regions-unproven        	2026-07-29	pending  	-
a8efd56d	MapAntiAliasing                                             	map-graphics-unproven         	2026-07-29	pending  	-
cdb1c8f6	MapChunkVisibility                                          	map-graphics-unproven         	2026-07-29	pending  	-
ce8f4190	MapSSAORenderer                                             	map-graphics-unproven         	2026-07-29	pending  	-
71ddfd3c	MapQualityLodComponent                                      	map-quality-lod               	2026-07-29	pending  	-
ae9e3c26	CurveFloat                                                  	meta-delta-16.14              	2026-07-29	pending  	-
311ef6d4	CurveScaledFloat                                            	meta-delta-16.14              	2026-07-29	pending  	-
408a4521	DynamicsChainProperties                                     	meta-delta-16.14              	2026-07-29	pending  	-
09188776	DynamicsChainRigPoseModifierData                            	meta-delta-16.14              	2026-07-29	pending  	-
339ecf91	DynamicsJointTreeData                                       	meta-delta-16.14              	2026-07-29	pending  	-
66cbd003	EndEventBlock                                               	meta-delta-16.14              	2026-07-29	pending  	-
e6147387	JointOrientationRigPoseModifierData                         	meta-delta-16.14              	2026-07-29	pending  	-
cd25febc	TooltipInstanceSpec                                         	meta-delta-16.14              	2026-07-29	pending  	-
4a3e3da9	VfxEmissionBox                                              	meta-delta-16.14              	2026-07-29	pending  	-
94ef68f9	VfxPhysicsAccelerationModifier                              	meta-delta-16.14              	2026-07-29	pending  	-
ed8cff9f	VfxPhysicsFollowTerrainModifier                             	meta-delta-16.14              	2026-07-29	pending  	-
d240e044	VfxPhysicsGroundCollisionModifier                           	meta-delta-16.14              	2026-07-29	pending  	-
d4c2cd54	VfxPhysicsWorldSpaceTranslationModifier                     	meta-delta-16.14              	2026-07-29	pending  	-
2761403d	PropertyTraits                                              	meta-delta-16.14-unproven     	2026-07-29	pending  	-
75895412	WardSkin                                                    	meta-delta-16.14-unproven     	2026-07-29	pending  	-
e75836d4	GameEntityTemplateLocatorPreview                            	propertyloadable-ui           	2026-07-29	submitted	https://github.com/CommunityDragon/Data/pull/36
de5dac9e	GameEntityTemplateProxyLink                                 	propertyloadable-ui           	2026-07-29	submitted	https://github.com/CommunityDragon/Data/pull/36
c7a79d2b	GameScreenContainerBase                                     	propertyloadable-ui           	2026-07-29	submitted	https://github.com/CommunityDragon/Data/pull/36
65c802be	IGameScreenNode                                             	propertyloadable-ui           	2026-07-29	submitted	https://github.com/CommunityDragon/Data/pull/36
7ec8e5ed	UiBehavior                                                  	propertyloadable-ui           	2026-07-29	submitted	https://github.com/CommunityDragon/Data/pull/36
174c7096	UiComponent                                                 	propertyloadable-ui           	2026-07-29	submitted	https://github.com/CommunityDragon/Data/pull/36
1717869f	MapSSAO                                                     	ssao-casing                   	2026-07-29	pending  	-
9b246821	SeqActionAnimationClearOverride                             	sequencer-actions             	2026-08-03	pending  	-
8a46e486	SeqActionAnimationPlay                                      	sequencer-actions             	2026-08-03	pending  	-
d42fa4dc	SeqActionAnimationSetOverride                               	sequencer-actions             	2026-08-03	pending  	-
70aa7cbc	SeqActionCameraShakeConst                                   	sequencer-actions             	2026-08-03	pending  	-
641e4225	SeqActionCameraShakeHelper                                  	sequencer-actions             	2026-08-03	pending  	-
01cf9835	SeqActionCameraShakeRelative                                	sequencer-actions             	2026-08-03	pending  	-
24a2c8d1	SeqActionEquipGear                                          	sequencer-actions             	2026-08-03	pending  	-
34f9b91e	SeqActionGlobalWindSpeed                                    	sequencer-actions             	2026-08-03	pending  	-
08e134d2	SeqActionLerpColor                                          	sequencer-actions             	2026-08-03	pending  	-
0a837225	SeqActionLightColor                                         	sequencer-actions             	2026-08-03	pending  	-
d9f5801b	SeqActionLightIntensityScale                                	sequencer-actions             	2026-08-03	pending  	-
4006e9f8	SeqActionLightRegionFade                                    	sequencer-actions             	2026-08-03	pending  	-
1f4ce347	SeqActionMaterialParamColor                                 	sequencer-actions             	2026-08-03	pending  	-
884d167f	SeqActionMaterialParamCurveFloat                            	sequencer-actions             	2026-08-03	pending  	-
5a1f2aca	SeqActionMaterialParamFloat                                 	sequencer-actions             	2026-08-03	pending  	-
c126997e	SeqActionMinimapPulse                                       	sequencer-actions             	2026-08-03	pending  	-
009ace30	SeqActionMoveObject                                         	sequencer-actions             	2026-08-03	pending  	-
c68ea9ca	SeqActionPointLightRadius                                   	sequencer-actions             	2026-08-03	pending  	-
e5c4d862	SeqActionRotateObject                                       	sequencer-actions             	2026-08-03	pending  	-
7caa7bd1	SeqActionSfxAttached                                        	sequencer-actions             	2026-08-03	pending  	-
99320e3c	SeqActionSfxBase                                            	sequencer-actions             	2026-08-03	pending  	-
598e72f6	SeqActionSfxBeam                                            	sequencer-actions             	2026-08-03	pending  	-
9c988cfa	SeqActionSfxGlobal                                          	sequencer-actions             	2026-08-03	pending  	-
048d730b	SeqActionSfxMoving                                          	sequencer-actions             	2026-08-03	pending  	-
94acbb37	SeqActionSfxStatic                                          	sequencer-actions             	2026-08-03	pending  	-
264cb166	SeqActionSplineColor                                        	sequencer-actions             	2026-08-03	pending  	-
b59dad64	SeqActionSplineVector                                       	sequencer-actions             	2026-08-03	pending  	-
ff2bafae	SeqActionVfxAttached                                        	sequencer-actions             	2026-08-03	pending  	-
a2913bfb	SeqActionVfxBase                                            	sequencer-actions             	2026-08-03	pending  	-
ca34b179	SeqActionVfxBeam                                            	sequencer-actions             	2026-08-03	pending  	-
20947da4	SeqActionVfxMoving                                          	sequencer-actions             	2026-08-03	pending  	-
ba89deb4	SeqActionVfxStatic                                          	sequencer-actions             	2026-08-03	pending  	-
6d79484d	SeqInputAttachment                                          	sequencer-actions             	2026-08-03	pending  	-
6dfe8e70	SeqInputBool                                                	sequencer-actions             	2026-08-03	pending  	-
221f2907	SeqInputColor                                               	sequencer-actions             	2026-08-03	pending  	-
4201f026	SeqInputCombinedColor                                       	sequencer-actions             	2026-08-03	pending  	-
ae95bf93	SeqInputCombinedFloat                                       	sequencer-actions             	2026-08-03	pending  	-
d97c0524	SeqInputCombinedVector                                      	sequencer-actions             	2026-08-03	pending  	-
8bf8bef7	SeqInputConstBool                                           	sequencer-actions             	2026-08-03	pending  	-
000d96e2	SeqInputConstColor                                          	sequencer-actions             	2026-08-03	pending  	-
a3a57b27	SeqInputConstFloat                                          	sequencer-actions             	2026-08-03	pending  	-
0c1e9b6c	SeqInputConstInt                                            	sequencer-actions             	2026-08-03	pending  	-
6d065177	SeqInputConstOrientation                                    	sequencer-actions             	2026-08-03	pending  	-
11599ec6	SeqInputConstString                                         	sequencer-actions             	2026-08-03	pending  	-
4f038b33	SeqInputCreateCamera                                        	sequencer-actions             	2026-08-03	pending  	-
7faf3715	SeqInputCreateEffectEmitter                                 	sequencer-actions             	2026-08-03	pending  	-
ba7313a3	SeqInputCreateObject                                        	sequencer-actions             	2026-08-03	pending  	-
00ad3f2b	SeqInputCreateSound                                         	sequencer-actions             	2026-08-03	pending  	-
6837de51	SeqInputEnabled                                             	sequencer-actions             	2026-08-03	pending  	-
8930818a	SeqInputFloat                                               	sequencer-actions             	2026-08-03	pending  	-
286deb81	SeqInputInt                                                 	sequencer-actions             	2026-08-03	pending  	-
83edd96b	SeqInputLightColor                                          	sequencer-actions             	2026-08-03	pending  	-
6110d4c1	SeqInputLightIntensityScale                                 	sequencer-actions             	2026-08-03	pending  	-
aa2fcea9	SeqInputMaterialParamColor                                  	sequencer-actions             	2026-08-03	pending  	-
5da4336c	SeqInputMaterialParamFloat                                  	sequencer-actions             	2026-08-03	pending  	-
8b54c9a7	SeqInputObject                                              	sequencer-actions             	2026-08-03	pending  	-
d8d462e4	SeqInputObjectArray                                         	sequencer-actions             	2026-08-03	pending  	-
755ea8dc	SeqInputObjectEnabled                                       	sequencer-actions             	2026-08-03	pending  	-
a07a91e8	SeqInputPointLightRadius                                    	sequencer-actions             	2026-08-03	pending  	-
2b595e9a	SeqInputSelectorObject                                      	sequencer-actions             	2026-08-03	pending  	-
86687e99	SeqInputString                                              	sequencer-actions             	2026-08-03	pending  	-
813646af	SeqInputUIEnabled                                           	sequencer-actions             	2026-08-03	pending  	-
8214fbc2	SeqInputUIVfx                                               	sequencer-actions             	2026-08-03	pending  	-
79aa0a94	SeqInputVarAttachment                                       	sequencer-actions             	2026-08-03	pending  	-
2640cef1	SeqInputVarCameraFarClip                                    	sequencer-actions             	2026-08-03	pending  	-
26129005	SeqInputVarCameraFov                                        	sequencer-actions             	2026-08-03	pending  	-
a01bb4c2	SeqInputVarCameraNearClip                                   	sequencer-actions             	2026-08-03	pending  	-
38ffd3d1	SeqInputVarCameraZoom                                       	sequencer-actions             	2026-08-03	pending  	-
85a1773d	SeqInputVarOrientation                                      	sequencer-actions             	2026-08-03	pending  	-
94e82d1f	SeqInputVector                                              	sequencer-actions             	2026-08-03	pending  	-
964d6c11	SeqInputWindSpeed                                           	sequencer-actions             	2026-08-03	pending  	-
8dc06cbc	SeqSfxBeamEvent                                             	sequencer-actions             	2026-08-03	pending  	-
632fca3c	SeqSplinePointBase                                          	sequencer-actions             	2026-08-03	pending  	-
5bc98d54	SeqSplinePointColor                                         	sequencer-actions             	2026-08-03	pending  	-
e7868c96	SeqSplinePointPosition                                      	sequencer-actions             	2026-08-03	pending  	-
f97e018e	SeqSplinePointVector                                        	sequencer-actions             	2026-08-03	pending  	-
3ad02cfc	SequenceActionActivateEntity                                	sequencer-actions             	2026-08-03	pending  	-
c43ff014	SequenceActionActivateEntityTag                             	sequencer-actions             	2026-08-03	pending  	-
bc8e54a5	SequenceActionAttachToObject                                	sequencer-actions             	2026-08-03	pending  	-
b110b205	SequenceActionCreateObject                                  	sequencer-actions             	2026-08-03	pending  	-
c8829f15	SequenceActionCurveFloat                                    	sequencer-actions             	2026-08-03	pending  	-
5f457b8b	SequenceActionDeactivateEntity                              	sequencer-actions             	2026-08-03	pending  	-
e037a639	SequenceActionDeactivateEntityTag                           	sequencer-actions             	2026-08-03	pending  	-
17ed90bf	SequenceActionEnabled                                       	sequencer-actions             	2026-08-03	pending  	-
d6bdec78	SequenceActionFollowPath                                    	sequencer-actions             	2026-08-03	pending  	-
85a1b6a2	SequenceActionHide                                          	sequencer-actions             	2026-08-03	pending  	-
bd795c21	SequenceActionHideEntity                                    	sequencer-actions             	2026-08-03	pending  	-
a52921f7	SequenceActionHideEntityTag                                 	sequencer-actions             	2026-08-03	pending  	-
f71f4123	SequenceActionLerpFloat                                     	sequencer-actions             	2026-08-03	pending  	-
1a46b794	SequenceActionLerpVector                                    	sequencer-actions             	2026-08-03	pending  	-
dfedd500	SequenceActionOverrideUIVfx                                 	sequencer-actions             	2026-08-03	pending  	-
7cb40ac7	SequenceActionShow                                          	sequencer-actions             	2026-08-03	pending  	-
b2b8c100	SequenceActionShowEntity                                    	sequencer-actions             	2026-08-03	pending  	-
b18ced60	SequenceActionShowEntityTag                                 	sequencer-actions             	2026-08-03	pending  	-
810de4e7	TftSequenceActionContinue                                   	sequencer-actions             	2026-08-03	pending  	-
1a4d18fe	TftSequenceActionDisableElement                             	sequencer-actions             	2026-08-03	pending  	-
c2b1af7f	TftSequenceActionEnableElement                              	sequencer-actions             	2026-08-03	pending  	-
755cf26f	TftSequenceActionPlaySound                                  	sequencer-actions             	2026-08-03	pending  	-
3dc0ea14	TftSequenceActionShowText                                   	sequencer-actions             	2026-08-03	pending  	-
